num-keys,overlap,overlap-pct,latency-ms
1,1,100,34.56
1,1,100,35.23
1,1,100,37.07
1,1,100,33.42
1,1,100,27.60
1,1,100,31.84
1,1,100,27.69
1,1,100,33.44
1,1,100,30.37
1,1,100,29.74
1,1,100,28.02
1,1,100,30.06
1,1,100,32.02
1,1,100,32.10
1,1,100,30.88
1,1,100,32.17
1,1,100,32.95
1,1,100,31.97
1,1,100,29.88
1,1,100,31.45
1,1,100,30.07
1,1,100,34.05
1,1,100,34.29
1,1,100,41.36
1,1,100,37.13
1,1,100,33.48
1,1,100,66.23
1,1,100,29.88
1,1,100,31.65
1,1,100,35.33
1,1,100,48.82
1,1,100,33.57
1,1,100,29.54
1,1,100,28.18
1,1,100,31.39
1,1,100,33.57
1,1,100,32.99
1,1,100,30.41
1,1,100,32.23
1,1,100,29.96
1,1,100,41.59
1,1,100,34.49
1,1,100,28.70
1,1,100,37.56
1,1,100,32.41
1,1,100,32.93
1,1,100,31.18
1,1,100,31.12
1,1,100,31.12
1,1,100,30.86
1,1,100,27.64
1,1,100,31.28
1,1,100,30.40
1,1,100,31.76
1,1,100,29.18
1,1,100,39.23
1,1,100,31.17
1,1,100,29.43
1,1,100,33.41
1,1,100,32.92
1,1,100,32.76
1,1,100,30.29
1,1,100,31.78
1,1,100,28.71
1,1,100,27.65
1,1,100,31.33
1,1,100,34.76
1,1,100,31.69
1,1,100,29.13
1,1,100,37.43
1,1,100,30.61
1,1,100,33.24
1,1,100,31.51
1,1,100,30.56
1,1,100,32.08
1,1,100,31.60
1,1,100,31.66
1,1,100,31.34
1,1,100,32.61
1,1,100,32.50
1,1,100,37.54
1,1,100,28.55
1,1,100,31.60
1,1,100,28.79
1,1,100,36.33
1,1,100,35.32
1,1,100,31.48
1,1,100,33.30
1,1,100,31.82
1,1,100,31.05
1,1,100,30.04
1,1,100,30.55
1,1,100,62.58
1,1,100,3128.32
1,1,100,29.26
1,1,100,28.59
1,1,100,32.82
1,1,100,31.37
1,1,100,33.69
1,1,100,31.39
1,1,100,32.32
1,1,100,30.37
1,1,100,30.14
1,1,100,31.96
1,1,100,28.30
1,1,100,34.21
1,1,100,29.85
1,1,100,30.09
1,1,100,31.39
1,1,100,38.62
1,1,100,29.81
1,1,100,29.22
1,1,100,34.37
1,1,100,32.53
1,1,100,28.66
1,1,100,32.90
1,1,100,27.33
1,1,100,30.32
1,1,100,30.97
1,1,100,32.12
1,1,100,28.52
1,1,100,31.90
1,1,100,30.15
1,1,100,36.79
1,1,100,29.73
1,1,100,30.26
1,1,100,31.17
1,1,100,30.06
1,1,100,28.25
1,1,100,31.87
1,1,100,30.45
1,1,100,31.85
1,1,100,27.36
1,1,100,27.40
1,1,100,28.24
1,1,100,35.93
1,1,100,30.00
1,1,100,31.10
1,1,100,32.78
1,1,100,34.77
1,1,100,30.84
1,1,100,29.60
1,1,100,32.32
1,1,100,34.52
1,1,100,31.94
1,1,100,31.39
1,1,100,32.39
1,1,100,31.37
1,1,100,31.82
1,1,100,33.77
1,1,100,39.35
1,1,100,30.44
1,1,100,30.45
1,1,100,36.55
1,1,100,34.06
1,1,100,28.38
1,1,100,34.30
1,1,100,29.82
1,1,100,25.56
1,1,100,32.87
1,1,100,29.71
1,1,100,31.16
1,1,100,28.06
1,1,100,31.73
1,1,100,35.95
1,1,100,33.34
1,1,100,28.67
1,1,100,49.22
1,1,100,32.38
1,1,100,56.92
1,1,100,33.74
1,1,100,38.89
1,1,100,31.75
1,1,100,38.69
1,1,100,63.25
1,1,100,34.78
1,1,100,46.09
1,1,100,31.85
1,1,100,33.39
1,1,100,30.56
1,1,100,31.23
1,1,100,36.54
1,1,100,29.24
1,1,100,34.76
1,1,100,33.68
1,1,100,27.94
1,1,100,29.71
1,1,100,31.07
1,1,100,37.13
1,1,100,31.75
1,1,100,30.72
1,1,100,34.13
1,1,100,49.64
1,1,100,33.27
1,1,100,33.78
1,1,100,29.36
1,1,100,29.73
1,1,100,27.98
1,1,100,36.48
1,1,100,29.63
1,1,100,30.89
1,1,100,31.80
1,1,100,29.03
1,1,100,32.63
1,1,100,29.67
1,1,100,31.13
1,1,100,27.54
1,1,100,32.11
1,1,100,36.20
1,1,100,32.45
1,1,100,33.44
1,1,100,30.89
1,1,100,38.09
1,1,100,34.17
1,1,100,37.98
1,1,100,34.63
1,1,100,29.26
1,1,100,32.78
1,1,100,31.77
1,1,100,34.39
1,1,100,32.02
1,1,100,29.47
1,1,100,29.71
1,1,100,32.86
1,1,100,31.87
1,1,100,29.79
1,1,100,34.32
1,1,100,27.28
1,1,100,54.27
1,1,100,32.51
1,1,100,29.91
1,1,100,29.26
1,1,100,31.93
1,1,100,31.11
1,1,100,27.60
1,1,100,28.09
1,1,100,36.44
1,1,100,35.54
1,1,100,73.53
1,1,100,32.47
1,1,100,31.70
1,1,100,30.37
1,1,100,41.74
1,1,100,37.90
1,1,100,28.53
1,1,100,36.14
1,1,100,36.06
1,1,100,40.02
1,1,100,34.03
1,1,100,28.31
1,1,100,33.54
1,1,100,8485.61
1,1,100,30.92
1,1,100,33.00
1,1,100,35.13
1,1,100,34.77
1,1,100,34.41
1,1,100,33.41
1,1,100,36.16
1,1,100,34.20
1,1,100,32.75
1,1,100,35.26
1,1,100,27.46
1,1,100,31.67
1,1,100,35.12
1,1,100,33.76
1,1,100,34.36
1,1,100,38.48
1,1,100,32.13
1,1,100,33.21
1,1,100,40.59
1,1,100,32.06
1,1,100,31.12
1,1,100,30.78
1,1,100,35.91
1,1,100,35.35
1,1,100,33.58
1,1,100,33.04
1,1,100,38.64
1,1,100,42.13
1,1,100,45.33
1,1,100,33.00
1,1,100,34.94
1,1,100,32.73
1,1,100,32.38
1,1,100,32.17
1,1,100,34.09
1,1,100,32.76
1,1,100,32.36
1,1,100,35.84
1,1,100,34.45
1,1,100,29.44
1,1,100,33.59
1,1,100,32.96
1,1,100,32.60
1,1,100,31.79
1,1,100,35.70
1,1,100,34.33
1,1,100,33.31
1,1,100,33.50
1,1,100,33.69
1,1,100,33.38
1,1,100,35.21
1,1,100,33.60
1,1,100,31.01
1,1,100,36.57
1,1,100,34.65
1,1,100,29.07
1,1,100,34.59
1,1,100,34.01
1,1,100,32.72
1,1,100,32.01
1,1,100,34.70
1,1,100,38.88
1,1,100,35.59
1,1,100,32.11
1,1,100,35.78
1,1,100,36.36
1,1,100,30.62
1,1,100,32.84
1,1,100,32.59
1,1,100,30.57
1,1,100,31.53
1,1,100,33.19
1,1,100,31.60
1,1,100,29.31
1,1,100,31.61
1,1,100,36.30
1,1,100,31.31
1,1,100,34.60
1,1,100,35.02
1,1,100,35.01
1,1,100,29.97
1,1,100,36.94
1,1,100,39.97
1,1,100,33.14
1,1,100,29.57
1,1,100,35.83
1,1,100,30.70
1,1,100,31.20
1,1,100,47.92
1,1,100,31.20
1,1,100,29.95
1,1,100,31.51
1,1,100,25.34
1,1,100,25.72
1,1,100,36.18
1,1,100,28.65
1,1,100,30.00
1,1,100,30.26
1,1,100,27.45
1,1,100,30.18
1,1,100,57.34
1,1,100,34.97
1,1,100,29.99
1,1,100,30.92
1,1,100,30.25
1,1,100,31.91
1,1,100,28.63
1,1,100,37.33
1,1,100,34.72
1,1,100,27.36
1,1,100,29.84
1,1,100,33.95
1,1,100,30.29
1,1,100,34.14
1,1,100,34.13
1,1,100,29.11
1,1,100,32.45
1,1,100,35.98
1,1,100,34.31
1,1,100,38.46
1,1,100,32.63
1,1,100,33.64
1,1,100,29.31
1,1,100,34.35
1,1,100,35.78
1,1,100,32.64
1,1,100,30.15
1,1,100,31.68
1,1,100,33.17
1,1,100,35.26
1,1,100,34.57
1,1,100,37.12
1,1,100,36.21
1,1,100,28.98
1,1,100,29.92
1,1,100,29.06
1,1,100,32.88
1,1,100,30.61
1,1,100,32.37
1,1,100,30.91
1,1,100,36.12
1,1,100,35.82
1,1,100,33.98
1,1,100,38.63
1,1,100,36.53
1,1,100,33.94
1,1,100,32.64
1,1,100,39.68
1,1,100,33.59
1,1,100,36.31
1,1,100,29.66
1,1,100,92.57
1,1,100,30.38
1,1,100,30.82
1,1,100,33.76
1,1,100,34.27
1,1,100,31.02
1,1,100,30.50
1,1,100,32.02
1,1,100,36.19
1,1,100,39.51
1,1,100,35.88
1,1,100,32.54
1,1,100,34.65
1,1,100,31.44
1,1,100,29.33
1,1,100,32.58
1,1,100,31.30
1,1,100,32.12
1,1,100,30.99
1,1,100,34.47
1,1,100,31.79
1,1,100,31.31
1,1,100,35.62
1,1,100,30.97
1,1,100,33.00
1,1,100,28.65
1,1,100,30.43
1,1,100,31.06
1,1,100,32.26
1,1,100,30.85
1,1,100,33.16
1,1,100,34.18
1,1,100,33.57
1,1,100,34.32
1,1,100,34.96
1,1,100,39.55
1,1,100,34.85
1,1,100,33.50
1,1,100,36.27
1,1,100,37.77
1,1,100,34.10
1,1,100,37.99
1,1,100,38.56
1,1,100,37.89
1,1,100,34.06
1,1,100,34.33
1,1,100,34.05
1,1,100,35.93
1,1,100,36.95
1,1,100,41.17
1,1,100,36.15
1,1,100,34.92
1,1,100,39.45
1,1,100,32.62
1,1,100,34.62
1,1,100,42.27
1,1,100,40.80
1,1,100,32.40
1,1,100,32.50
1,1,100,40.75
1,1,100,32.30
1,1,100,38.18
1,1,100,34.77
1,1,100,40.97
1,1,100,31.12
1,1,100,31.52
1,1,100,28.37
1,1,100,31.52
1,1,100,31.25
1,1,100,28.56
1,1,100,32.80
1,1,100,30.14
1,1,100,34.18
1,1,100,29.72
1,1,100,33.33
1,1,100,30.65
1,1,100,33.30
1,1,100,32.32
1,1,100,31.28
1,1,100,33.04
1,1,100,33.16
1,1,100,32.81
1,1,100,39.57
1,1,100,35.83
1,1,100,37.53
1,1,100,31.84
1,1,100,35.49
1,1,100,36.19
1,1,100,36.23
1,1,100,29.04
1,1,100,28.88
1,1,100,30.38
1,1,100,32.96
1,1,100,32.34
1,1,100,31.06
1,1,100,31.59
1,1,100,33.86
1,1,100,37.62
1,1,100,32.35
1,1,100,33.10
1,1,100,35.89
1,1,100,30.25
1,1,100,31.52
1,1,100,36.49
1,1,100,32.97
1,1,100,33.17
1,1,100,35.68
1,1,100,34.00
1,1,100,36.40
1,1,100,31.92
1,1,100,31.86
1,1,100,30.33
1,1,100,33.06
1,1,100,31.48
1,1,100,33.63
1,1,100,31.29
1,1,100,36.14
1,1,100,38.45
1,1,100,33.14
1,1,100,33.56
1,1,100,36.85
1,1,100,27.16
1,1,100,49.86
1,1,100,68.93
1,1,100,40.44
1,1,100,32.24
1,1,100,32.85
1,1,100,36.96
1,1,100,37.58
1,1,100,35.06
1,1,100,32.43
1,1,100,31.86
1,1,100,36.92
1,1,100,35.66
1,1,100,35.44
1,1,100,63.86
1,1,100,28.84
1,1,100,29.56
1,1,100,35.82
1,1,100,31.79
1,1,100,30.47
1,1,100,42.10
1,1,100,29.21
1,1,100,36.38
1,1,100,29.54
1,1,100,31.42
1,1,100,28.88
1,1,100,33.46
1,1,100,29.35
1,1,100,30.03
1,1,100,34.64
1,1,100,38.13
1,1,100,35.14
1,1,100,29.78
1,1,100,37.99
1,1,100,30.47
1,1,100,30.68
1,1,100,30.83
1,1,100,34.29
1,1,100,32.40
1,1,100,35.14
1,1,100,26.26
1,1,100,31.08
1,1,100,36.38
1,1,100,19297.38
1,1,100,29.74
1,1,100,31.52
1,1,100,35.79
1,1,100,29.08
1,1,100,29.55
1,1,100,28.78
1,1,100,28.74
1,1,100,31.05
1,1,100,27.78
1,1,100,36.44
1,1,100,31.70
1,1,100,33.11
1,1,100,28.89
1,1,100,28.58
1,1,100,33.68
1,1,100,36.27
1,1,100,29.80
1,1,100,29.19
1,1,100,33.46
1,1,100,32.14
1,1,100,31.86
1,1,100,32.23
1,1,100,27.82
1,1,100,20132.96
1,1,100,17126.70
1,1,100,11936.58
1,1,100,1121.23
2,1,50,103.27
2,1,50,161.77
2,1,50,214.03
2,1,50,271.98
2,1,50,330.93
2,1,50,282.37
2,1,50,284.77
2,1,50,293.40
2,1,50,318.44
2,1,50,317.77
2,1,50,324.27
2,1,50,321.04
2,1,50,313.07
2,1,50,287.83
2,1,50,284.79
2,1,50,286.97
2,1,50,283.13
2,1,50,288.73
2,1,50,288.37
2,1,50,288.36
2,1,50,287.68
2,1,50,293.95
2,1,50,298.42
2,1,50,299.06
2,1,50,302.66
2,1,50,301.78
2,1,50,304.36
2,1,50,300.75
2,1,50,303.62
2,1,50,305.58
2,1,50,300.22
2,1,50,299.89
2,1,50,307.07
2,1,50,298.50
2,1,50,293.80
2,1,50,294.44
2,1,50,302.01
2,1,50,294.06
2,1,50,300.56
2,1,50,304.62
2,1,50,308.60
2,1,50,298.97
2,1,50,322.50
2,1,50,321.51
2,1,50,319.01
2,1,50,318.25
2,1,50,313.80
2,1,50,293.69
2,1,50,295.21
2,1,50,297.45
2,1,50,291.95
2,1,50,290.79
2,1,50,289.09
2,1,50,290.20
2,1,50,289.26
2,1,50,292.20
2,1,50,297.25
2,1,50,294.15
2,1,50,285.41
2,1,50,290.35
2,1,50,289.75
2,1,50,286.17
2,1,50,288.79
2,1,50,291.92
2,1,50,291.74
2,1,50,290.26
2,1,50,299.54
2,1,50,294.68
2,1,50,294.50
2,1,50,287.51
2,1,50,294.58
2,1,50,295.18
2,1,50,298.03
2,1,50,303.27
2,1,50,307.41
2,1,50,300.82
2,1,50,293.28
2,1,50,289.76
2,1,50,286.27
2,1,50,284.83
2,1,50,286.67
2,1,50,287.66
2,1,50,286.43
2,1,50,287.30
2,1,50,285.43
2,1,50,284.84
2,1,50,289.23
2,1,50,292.26
2,1,50,291.98
2,1,50,296.58
2,1,50,295.57
2,1,50,283.28
2,1,50,286.12
2,1,50,309.87
2,1,50,310.25
2,1,50,308.81
2,1,50,330.93
2,1,50,335.12
2,1,50,317.85
2,1,50,311.65
2,1,50,317.15
2,1,50,303.30
2,1,50,294.94
2,1,50,292.29
2,1,50,296.30
2,1,50,304.23
2,1,50,305.41
2,1,50,306.05
2,1,50,310.70
2,1,50,315.68
2,1,50,308.25
2,1,50,302.36
2,1,50,301.71
2,1,50,292.58
2,1,50,281.99
2,1,50,296.97
2,1,50,302.19
2,1,50,302.08
2,1,50,298.87
2,1,50,306.66
2,1,50,299.00
2,1,50,298.68
2,1,50,299.92
2,1,50,310.51
2,1,50,310.57
2,1,50,295.12
2,1,50,298.32
2,1,50,298.55
2,1,50,306.36
2,1,50,298.17
2,1,50,300.32
2,1,50,311.02
2,1,50,331.09
2,1,50,323.09
2,1,50,332.21
2,1,50,357.74
2,1,50,346.24
2,1,50,339.88
2,1,50,336.59
2,1,50,346.08
2,1,50,322.21
2,1,50,322.50
2,1,50,336.14
2,1,50,345.86
2,1,50,335.18
2,1,50,340.91
2,1,50,333.23
2,1,50,306.02
2,1,50,297.60
2,1,50,294.50
2,1,50,291.09
2,1,50,297.52
2,1,50,301.44
2,1,50,293.50
2,1,50,332.80
2,1,50,334.85
2,1,50,330.05
2,1,50,327.54
2,1,50,328.87
2,1,50,294.45
2,1,50,299.28
2,1,50,314.95
2,1,50,313.93
2,1,50,323.96
2,1,50,321.93
2,1,50,320.00
2,1,50,300.57
2,1,50,302.72
2,1,50,326.22
2,1,50,323.83
2,1,50,374.97
2,1,50,383.86
2,1,50,384.70
2,1,50,361.64
2,1,50,361.12
2,1,50,309.14
2,1,50,306.81
2,1,50,322.07
2,1,50,315.49
2,1,50,325.06
2,1,50,321.64
2,1,50,383.82
2,1,50,370.24
2,1,50,369.42
2,1,50,360.94
2,1,50,358.34
2,1,50,298.49
2,1,50,297.17
2,1,50,299.36
2,1,50,295.18
2,1,50,298.60
2,1,50,303.80
2,1,50,305.26
2,1,50,303.07
2,1,50,305.90
2,1,50,310.33
2,1,50,308.99
2,1,50,315.19
2,1,50,322.60
2,1,50,324.30
2,1,50,323.08
2,1,50,339.10
2,1,50,337.17
2,1,50,328.41
2,1,50,323.30
2,1,50,320.38
2,1,50,300.58
2,1,50,292.62
2,1,50,303.01
2,1,50,306.22
2,1,50,348.48
2,1,50,348.52
2,1,50,381.64
2,1,50,379.50
2,1,50,376.86
2,1,50,332.60
2,1,50,334.65
2,1,50,310.55
2,1,50,299.77
2,1,50,330.57
2,1,50,330.62
2,1,50,329.53
2,1,50,320.92
2,1,50,328.25
2,1,50,297.40
2,1,50,293.64
2,1,50,291.44
2,1,50,291.21
2,1,50,291.01
2,1,50,296.35
2,1,50,300.01
2,1,50,294.90
2,1,50,296.07
2,1,50,291.75
2,1,50,283.58
2,1,50,281.13
2,1,50,290.17
2,1,50,285.88
2,1,50,286.48
2,1,50,292.87
2,1,50,300.91
2,1,50,296.17
2,1,50,295.37
2,1,50,287.96
2,1,50,286.06
2,1,50,279.62
2,1,50,277.61
2,1,50,276.29
2,1,50,285.43
2,1,50,287.38
2,1,50,288.06
2,1,50,295.15
2,1,50,302.37
2,1,50,325.28
2,1,50,350.65
2,1,50,356.23
2,1,50,349.36
2,1,50,341.75
2,1,50,319.24
2,1,50,291.36
2,1,50,284.76
2,1,50,348.66
2,1,50,355.31
2,1,50,356.94
2,1,50,361.16
2,1,50,368.75
2,1,50,313.85
2,1,50,327.84
2,1,50,332.42
2,1,50,334.39
2,1,50,329.08
2,1,50,324.39
2,1,50,337.70
2,1,50,333.09
2,1,50,327.38
2,1,50,331.52
2,1,50,353.04
2,1,50,328.05
2,1,50,324.25
2,1,50,322.53
2,1,50,318.13
2,1,50,289.29
2,1,50,284.92
2,1,50,289.77
2,1,50,292.73
2,1,50,292.73
2,1,50,298.64
2,1,50,322.94
2,1,50,313.01
2,1,50,336.72
2,1,50,336.60
2,1,50,348.00
2,1,50,328.21
2,1,50,335.13
2,1,50,317.21
2,1,50,322.36
2,1,50,325.41
2,1,50,321.51
2,1,50,2335.31
2,1,50,2421.00
2,1,50,2555.45
2,1,50,2631.08
2,1,50,2634.54
2,2,100,130.97
2,2,100,199.71
2,2,100,264.64
2,2,100,332.70
2,2,100,401.94
2,2,100,336.07
2,2,100,330.56
2,2,100,332.91
2,2,100,329.85
2,2,100,331.27
2,2,100,333.77
2,2,100,332.85
2,2,100,341.61
2,2,100,343.43
2,2,100,405.27
2,2,100,403.58
2,2,100,416.74
2,2,100,407.59
2,2,100,401.40
2,2,100,330.66
2,2,100,325.32
2,2,100,313.30
2,2,100,314.36
2,2,100,320.28
2,2,100,326.45
2,2,100,335.04
2,2,100,331.07
2,2,100,332.53
2,2,100,329.33
2,2,100,328.67
2,2,100,320.49
2,2,100,330.36
2,2,100,332.17
2,2,100,328.79
2,2,100,328.63
2,2,100,334.32
2,2,100,327.14
2,2,100,321.14
2,2,100,328.24
2,2,100,327.45
2,2,100,327.26
2,2,100,336.70
2,2,100,335.71
2,2,100,336.87
2,2,100,334.58
2,2,100,330.61
2,2,100,331.68
2,2,100,332.05
2,2,100,322.79
2,2,100,328.15
2,2,100,327.12
2,2,100,319.68
2,2,100,317.30
2,2,100,324.80
2,2,100,321.18
2,2,100,321.55
2,2,100,322.72
2,2,100,322.48
2,2,100,324.16
2,2,100,321.64
2,2,100,324.01
2,2,100,324.79
2,2,100,327.28
2,2,100,322.54
2,2,100,319.62
2,2,100,339.01
2,2,100,339.46
2,2,100,341.34
2,2,100,336.78
2,2,100,355.03
2,2,100,344.57
2,2,100,337.56
2,2,100,330.01
2,2,100,334.23
2,2,100,325.04
2,2,100,321.45
2,2,100,320.21
2,2,100,323.84
2,2,100,322.70
2,2,100,318.97
2,2,100,315.22
2,2,100,325.26
2,2,100,329.45
2,2,100,338.19
2,2,100,341.87
2,2,100,339.80
2,2,100,336.05
2,2,100,327.96
2,2,100,315.84
2,2,100,308.08
2,2,100,307.14
2,2,100,303.31
2,2,100,305.03
2,2,100,307.75
2,2,100,307.37
2,2,100,311.99
2,2,100,313.22
2,2,100,310.16
2,2,100,309.63
2,2,100,302.55
2,2,100,295.02
2,2,100,304.14
2,2,100,303.44
2,2,100,296.03
2,2,100,300.80
2,2,100,298.72
2,2,100,288.47
2,2,100,285.10
2,2,100,296.12
2,2,100,330.83
2,2,100,334.78
2,2,100,333.75
2,2,100,341.46
2,2,100,336.75
2,2,100,309.84
2,2,100,308.76
2,2,100,314.96
2,2,100,315.86
2,2,100,320.10
2,2,100,315.29
2,2,100,320.17
2,2,100,311.93
2,2,100,310.78
2,2,100,308.03
2,2,100,309.56
2,2,100,306.11
2,2,100,309.56
2,2,100,308.59
2,2,100,308.38
2,2,100,308.01
2,2,100,305.40
2,2,100,340.94
2,2,100,358.45
2,2,100,369.87
2,2,100,377.14
2,2,100,391.58
2,2,100,356.50
2,2,100,353.30
2,2,100,364.62
2,2,100,443.68
2,2,100,513.48
2,2,100,547.62
2,2,100,561.05
2,2,100,570.40
2,2,100,499.43
2,2,100,441.42
2,2,100,420.52
2,2,100,398.46
2,2,100,375.65
2,2,100,381.19
2,2,100,367.76
2,2,100,364.20
2,2,100,371.30
2,2,100,370.79
2,2,100,365.28
2,2,100,382.05
2,2,100,415.67
2,2,100,426.23
2,2,100,433.21
2,2,100,539.81
2,2,100,544.45
2,2,100,514.18
2,2,100,556.43
2,2,100,550.51
2,2,100,435.35
2,2,100,438.88
2,2,100,424.71
2,2,100,392.52
2,2,100,389.34
2,2,100,392.88
2,2,100,374.95
2,2,100,384.19
2,2,100,363.58
2,2,100,370.13
2,2,100,366.28
2,2,100,360.42
2,2,100,363.54
2,2,100,363.30
2,2,100,381.67
2,2,100,374.95
2,2,100,371.58
2,2,100,595.51
2,2,100,599.51
2,2,100,589.61
2,2,100,592.47
2,2,100,593.12
2,2,100,362.32
2,2,100,355.01
2,2,100,348.06
2,2,100,369.65
2,2,100,370.91
2,2,100,370.62
2,2,100,367.18
2,2,100,424.49
2,2,100,412.00
2,2,100,424.04
2,2,100,425.95
2,2,100,482.82
2,2,100,419.45
2,2,100,412.00
2,2,100,392.83
2,2,100,418.10
2,2,100,365.39
2,2,100,362.82
2,2,100,351.19
2,2,100,355.40
2,2,100,333.64
2,2,100,342.72
2,2,100,349.24
2,2,100,402.06
2,2,100,403.72
2,2,100,417.53
2,2,100,409.53
2,2,100,405.24
2,2,100,463.48
2,2,100,475.99
2,2,100,455.61
2,2,100,452.74
2,2,100,468.04
2,2,100,366.78
2,2,100,350.58
2,2,100,352.21
2,2,100,351.13
2,2,100,326.17
2,2,100,334.36
2,2,100,342.95
2,2,100,342.87
2,2,100,355.25
2,2,100,364.82
2,2,100,356.85
2,2,100,370.77
2,2,100,367.61
2,2,100,359.33
2,2,100,349.88
2,2,100,343.90
2,2,100,325.59
2,2,100,374.27
2,2,100,368.68
2,2,100,374.73
2,2,100,385.38
2,2,100,377.93
2,2,100,326.50
2,2,100,329.38
2,2,100,332.59
2,2,100,323.65
2,2,100,318.94
2,2,100,314.94
2,2,100,308.81
2,2,100,303.37
2,2,100,309.94
2,2,100,307.98
2,2,100,308.36
2,2,100,303.81
2,2,100,345.84
2,2,100,335.34
2,2,100,342.33
2,2,100,349.74
2,2,100,363.68
2,2,100,339.36
2,2,100,341.70
2,2,100,354.05
2,2,100,352.14
2,2,100,346.68
2,2,100,323.62
2,2,100,326.85
2,2,100,310.74
2,2,100,304.05
2,2,100,300.60
2,2,100,303.24
2,2,100,299.90
2,2,100,305.56
2,2,100,334.91
2,2,100,333.65
2,2,100,336.79
2,2,100,354.61
2,2,100,354.20
2,2,100,329.90
2,2,100,330.35
2,2,100,330.97
2,2,100,315.28
2,2,100,312.88
2,2,100,344.14
2,2,100,344.14
3,1,33,75.19
3,1,33,153.73
3,1,33,215.16
3,1,33,283.95
3,1,33,344.24
3,1,33,327.34
3,1,33,309.66
3,1,33,316.52
3,1,33,314.63
3,1,33,314.70
3,1,33,317.20
3,1,33,318.81
3,1,33,316.98
3,1,33,315.30
3,1,33,320.95
3,1,33,317.27
3,1,33,313.84
3,1,33,311.39
3,1,33,310.06
3,1,33,297.13
3,1,33,301.70
3,1,33,305.81
3,1,33,302.48
3,1,33,311.48
3,1,33,320.75
3,1,33,325.16
3,1,33,320.28
3,1,33,314.47
3,1,33,300.69
3,1,33,298.60
3,1,33,287.46
3,1,33,293.58
3,1,33,292.09
3,1,33,295.89
3,1,33,302.45
3,1,33,314.38
3,1,33,311.17
3,1,33,326.48
3,1,33,325.07
3,1,33,327.78
3,1,33,327.80
3,1,33,315.03
3,1,33,304.82
3,1,33,310.00
3,1,33,317.98
3,1,33,314.10
3,1,33,340.29
3,1,33,370.68
3,1,33,352.08
3,1,33,331.85
3,1,33,343.49
3,1,33,323.89
3,1,33,313.32
3,1,33,334.66
3,1,33,329.32
3,1,33,321.31
3,1,33,329.18
3,1,33,307.70
3,1,33,306.73
3,1,33,320.68
3,1,33,318.87
3,1,33,308.55
3,1,33,315.31
3,1,33,319.13
3,1,33,308.61
3,1,33,310.69
3,1,33,326.37
3,1,33,326.69
3,1,33,330.37
3,1,33,334.55
3,1,33,330.98
3,1,33,326.57
3,1,33,328.67
3,1,33,319.29
3,1,33,321.18
3,1,33,325.76
3,1,33,336.94
3,1,33,324.36
3,1,33,313.02
3,1,33,311.79
3,1,33,307.57
3,1,33,287.89
3,1,33,290.78
3,1,33,303.23
3,1,33,309.85
3,1,33,355.31
3,1,33,369.41
3,1,33,379.89
3,1,33,374.34
3,1,33,360.69
3,1,33,318.54
3,1,33,314.54
3,1,33,302.65
3,1,33,305.90
3,1,33,309.80
3,1,33,291.46
3,1,33,281.57
3,1,33,292.92
3,1,33,281.57
3,1,33,284.87
3,1,33,304.31
3,1,33,315.02
3,1,33,304.91
3,1,33,309.87
3,1,33,301.91
3,1,33,300.04
3,1,33,293.21
3,1,33,295.73
3,1,33,295.68
3,1,33,305.99
3,1,33,299.59
3,1,33,298.89
3,1,33,306.29
3,1,33,309.98
3,1,33,301.61
3,1,33,300.48
3,1,33,326.56
3,1,33,316.48
3,1,33,315.82
3,1,33,316.88
3,1,33,317.74
3,1,33,295.93
3,1,33,297.50
3,1,33,294.26
3,1,33,304.89
3,1,33,303.52
3,1,33,307.33
3,1,33,313.68
3,1,33,317.63
3,1,33,315.85
3,1,33,318.39
3,1,33,311.99
3,1,33,310.76
3,1,33,310.94
3,1,33,308.57
3,1,33,308.62
3,1,33,315.49
3,1,33,318.75
3,1,33,327.31
3,1,33,344.47
3,1,33,367.57
3,1,33,366.62
3,1,33,357.97
3,1,33,355.47
3,1,33,332.52
3,1,33,314.89
3,1,33,311.42
3,1,33,318.60
3,1,33,314.79
3,1,33,318.12
3,1,33,311.03
3,1,33,312.29
3,1,33,312.81
3,1,33,315.02
3,1,33,336.35
3,1,33,340.58
3,1,33,334.59
3,1,33,332.48
3,1,33,330.92
3,1,33,308.29
3,1,33,302.88
3,1,33,345.79
3,1,33,342.65
3,1,33,340.22
3,1,33,338.94
3,1,33,347.05
3,1,33,307.31
3,1,33,311.94
3,1,33,316.28
3,1,33,316.88
3,1,33,352.99
3,1,33,351.00
3,1,33,354.60
3,1,33,344.58
3,1,33,341.08
3,1,33,304.25
3,1,33,301.44
3,1,33,295.80
3,1,33,307.56
3,1,33,314.41
3,1,33,308.39
3,1,33,320.75
3,1,33,319.09
3,1,33,312.26
3,1,33,320.26
3,1,33,353.27
3,1,33,368.54
3,1,33,373.69
3,1,33,374.53
3,1,33,367.05
3,1,33,337.99
3,1,33,316.23
3,1,33,307.30
3,1,33,308.66
3,1,33,312.39
3,1,33,320.09
3,1,33,317.76
3,1,33,319.12
3,1,33,313.86
3,1,33,320.37
3,1,33,328.49
3,1,33,324.48
3,1,33,323.40
3,1,33,327.97
3,1,33,314.50
3,1,33,289.79
3,1,33,291.64
3,1,33,287.59
3,1,33,293.68
3,1,33,298.16
3,1,33,294.29
3,1,33,298.26
3,1,33,311.96
3,1,33,295.54
3,1,33,291.98
3,1,33,301.04
3,1,33,298.88
3,1,33,296.38
3,1,33,295.95
3,1,33,298.88
3,1,33,304.85
3,1,33,307.55
3,1,33,306.56
3,1,33,342.95
3,1,33,337.52
3,1,33,339.14
3,1,33,342.93
3,1,33,338.05
3,1,33,347.73
3,1,33,355.84
3,1,33,346.59
3,1,33,341.97
3,1,33,364.83
3,1,33,328.29
3,1,33,326.30
3,1,33,328.99
3,1,33,329.39
3,1,33,325.94
3,1,33,318.25
3,1,33,311.72
3,1,33,311.73
3,1,33,314.08
3,1,33,314.28
3,1,33,319.37
3,1,33,324.56
3,1,33,319.84
3,1,33,322.24
3,1,33,301.58
3,1,33,300.30
3,1,33,300.83
3,1,33,306.92
3,1,33,290.87
3,1,33,302.48
3,1,33,308.70
3,1,33,307.97
3,1,33,309.24
3,1,33,319.86
3,1,33,308.80
3,1,33,315.17
3,1,33,316.56
3,1,33,316.03
3,1,33,314.52
3,1,33,311.72
3,1,33,312.03
3,1,33,309.94
3,1,33,296.77
3,1,33,297.78
3,1,33,301.82
3,1,33,287.79
3,1,33,281.95
3,1,33,302.25
3,1,33,309.94
3,1,33,312.73
3,1,33,313.74
3,1,33,327.26
3,1,33,327.04
3,1,33,317.07
3,1,33,322.69
3,1,33,334.70
3,1,33,327.37
3,1,33,323.82
3,1,33,324.66
3,1,33,324.60
3,1,33,312.47
3,1,33,306.57
3,1,33,312.92
3,1,33,320.49
3,1,33,317.56
3,1,33,318.50
3,1,33,339.61
3,1,33,335.68
3,1,33,321.01
3,1,33,323.35
3,1,33,329.35
3,1,33,313.38
3,1,33,313.02
3,1,33,327.25
3,1,33,320.35
3,1,33,314.13
3,1,33,313.47
3,1,33,302.76
3,1,33,293.50
3,1,33,299.83
3,1,33,317.94
3,1,33,309.83
3,1,33,313.64
3,1,33,313.75
3,1,33,297.52
3,1,33,281.23
3,1,33,297.45
3,1,33,305.43
3,1,33,304.24
3,1,33,309.84
3,1,33,304.29
3,1,33,289.68
3,1,33,284.31
3,1,33,284.29
3,1,33,294.95
3,1,33,302.53
3,1,33,306.39
3,2,66,170.61
3,2,66,237.81
3,2,66,301.08
3,2,66,357.66
3,2,66,434.11
3,2,66,333.25
3,2,66,328.17
3,2,66,333.20
3,2,66,338.30
3,2,66,326.20
3,2,66,323.24
3,2,66,322.09
3,2,66,317.83
3,2,66,318.33
3,2,66,319.09
3,2,66,318.45
3,2,66,325.09
3,2,66,321.64
3,2,66,331.36
3,2,66,323.02
3,2,66,321.04
3,2,66,320.56
3,2,66,320.74
3,2,66,305.76
3,2,66,310.50
3,2,66,309.80
3,2,66,308.14
3,2,66,319.23
3,2,66,329.96
3,2,66,330.51
3,2,66,334.72
3,2,66,325.92
3,2,66,322.07
3,2,66,328.89
3,2,66,327.92
3,2,66,323.06
3,2,66,324.89
3,2,66,314.83
3,2,66,295.49
3,2,66,305.16
3,2,66,305.70
3,2,66,311.63
3,2,66,310.93
3,2,66,370.58
3,2,66,360.54
3,2,66,350.49
3,2,66,345.55
3,2,66,354.65
3,2,66,302.28
3,2,66,319.31
3,2,66,332.27
3,2,66,330.71
3,2,66,328.96
3,2,66,322.73
3,2,66,305.47
3,2,66,299.90
3,2,66,308.16
3,2,66,307.13
3,2,66,310.11
3,2,66,320.09
3,2,66,320.99
3,2,66,322.75
3,2,66,324.29
3,2,66,330.95
3,2,66,326.53
3,2,66,337.74
3,2,66,334.84
3,2,66,337.94
3,2,66,352.58
3,2,66,349.71
3,2,66,350.23
3,2,66,361.06
3,2,66,355.71
3,2,66,338.27
3,2,66,342.06
3,2,66,336.43
3,2,66,320.74
3,2,66,317.51
3,2,66,319.14
3,2,66,316.96
3,2,66,302.97
3,2,66,405.23
3,2,66,402.19
3,2,66,396.18
3,2,66,399.38
3,2,66,415.11
3,2,66,313.92
3,2,66,318.82
3,2,66,320.98
3,2,66,302.99
3,2,66,299.19
3,2,66,302.97
3,2,66,294.12
3,2,66,300.99
3,2,66,309.96
3,2,66,305.00
3,2,66,295.62
3,2,66,303.77
3,2,66,296.32
3,2,66,309.40
3,2,66,318.99
3,2,66,330.59
3,2,66,331.05
3,2,66,333.41
3,2,66,316.08
3,2,66,301.38
3,2,66,302.39
3,2,66,300.18
3,2,66,294.31
3,2,66,299.42
3,2,66,302.37
3,2,66,309.38
3,2,66,307.69
3,2,66,318.89
3,2,66,320.55
3,2,66,317.41
3,2,66,309.86
3,2,66,303.63
3,2,66,286.90
3,2,66,291.88
3,2,66,302.84
3,2,66,318.89
3,2,66,329.39
3,2,66,350.17
3,2,66,340.16
3,2,66,333.92
3,2,66,321.21
3,2,66,317.15
3,2,66,300.71
3,2,66,315.93
3,2,66,311.96
3,2,66,303.63
3,2,66,305.99
3,2,66,308.75
3,2,66,289.63
3,2,66,292.36
3,2,66,287.36
3,2,66,283.75
3,2,66,277.84
3,2,66,286.49
3,2,66,283.48
3,2,66,288.26
3,2,66,283.40
3,2,66,288.26
3,2,66,283.55
3,2,66,282.42
3,2,66,296.20
3,2,66,300.17
3,2,66,304.24
3,2,66,304.91
3,2,66,306.26
3,2,66,286.81
3,2,66,288.85
3,2,66,280.32
3,2,66,277.94
3,2,66,288.13
3,2,66,285.91
3,2,66,289.95
3,2,66,294.45
3,2,66,309.25
3,2,66,302.90
3,2,66,312.17
3,2,66,306.18
3,2,66,316.37
3,2,66,305.84
3,2,66,299.76
3,2,66,321.24
3,2,66,327.78
3,2,66,342.33
3,2,66,342.10
3,2,66,375.44
3,2,66,342.90
3,2,66,337.74
3,2,66,314.77
3,2,66,312.84
3,2,66,288.41
3,2,66,308.00
3,2,66,307.30
3,2,66,308.42
3,2,66,307.90
3,2,66,307.34
3,2,66,291.76
3,2,66,303.30
3,2,66,296.49
3,2,66,316.38
3,2,66,318.62
3,2,66,316.18
3,2,66,306.83
3,2,66,354.81
3,2,66,332.19
3,2,66,324.26
3,2,66,341.78
3,2,66,343.14
3,2,66,296.23
3,2,66,442.32
3,2,66,455.01
3,2,66,436.48
3,2,66,436.09
3,2,66,450.69
3,2,66,308.05
3,2,66,299.12
3,2,66,302.69
3,2,66,298.40
3,2,66,295.98
3,2,66,301.57
3,2,66,305.23
3,2,66,307.71
3,2,66,314.90
3,2,66,310.01
3,2,66,304.14
3,2,66,302.97
3,2,66,311.21
3,2,66,314.38
3,2,66,322.37
3,2,66,332.94
3,2,66,335.24
3,2,66,334.17
3,2,66,336.08
3,2,66,330.84
3,2,66,324.94
3,2,66,323.48
3,2,66,323.30
3,2,66,317.55
3,2,66,320.31
3,2,66,325.93
3,2,66,352.08
3,2,66,359.82
3,2,66,364.10
3,2,66,365.18
3,2,66,358.07
3,2,66,333.63
3,2,66,324.95
3,2,66,332.98
3,2,66,325.86
3,2,66,322.01
3,2,66,317.55
3,2,66,311.40
3,2,66,304.70
3,2,66,302.55
3,2,66,311.86
3,2,66,309.93
3,2,66,310.80
3,2,66,304.63
3,2,66,303.82
3,2,66,302.88
3,2,66,309.75
3,2,66,323.04
3,2,66,323.67
3,2,66,328.07
3,2,66,327.02
3,2,66,327.55
3,2,66,319.30
3,2,66,322.41
3,2,66,337.60
3,2,66,334.98
3,2,66,336.20
3,2,66,322.13
3,2,66,316.80
3,2,66,306.14
3,2,66,333.65
3,2,66,327.35
3,2,66,334.88
3,2,66,358.87
3,2,66,347.24
3,2,66,321.85
3,2,66,327.10
3,2,66,328.89
3,2,66,306.82
3,2,66,314.33
3,2,66,317.37
3,2,66,326.38
3,2,66,326.89
3,2,66,330.50
3,2,66,343.70
3,2,66,341.76
3,2,66,337.08
3,2,66,337.35
3,2,66,333.63
3,2,66,323.54
3,2,66,319.75
3,2,66,302.40
3,2,66,296.67
3,2,66,291.23
3,2,66,289.90
3,2,66,292.56
3,2,66,305.83
3,2,66,316.78
3,2,66,321.20
3,2,66,313.78
3,2,66,311.11
3,2,66,305.24
3,2,66,297.91
3,2,66,294.44
3,2,66,297.74
3,2,66,300.08
3,2,66,304.15
3,2,66,302.13
3,2,66,302.92
3,2,66,314.73
3,2,66,314.33
3,2,66,318.42
3,2,66,341.76
3,2,66,344.41
3,2,66,346.29
3,2,66,350.93
3,2,66,356.88
3,2,66,346.76
3,2,66,349.26
3,2,66,331.07
3,2,66,324.45
3,2,66,315.19
3,2,66,300.59
3,2,66,308.01
3,2,66,323.19
3,3,100,149.01
3,3,100,279.05
3,3,100,340.64
3,3,100,436.09
3,3,100,351.17
3,3,100,614.94
3,3,100,397.85
3,3,100,404.12
3,3,100,389.56
3,3,100,403.28
3,3,100,353.23
3,3,100,357.79
3,3,100,354.82
3,3,100,343.27
3,3,100,330.60
3,3,100,330.60
3,3,100,335.21
3,3,100,340.47
3,3,100,372.50
3,3,100,369.81
3,3,100,370.07
3,3,100,372.16
3,3,100,364.66
3,3,100,339.02
3,3,100,342.37
3,3,100,335.55
3,3,100,333.30
3,3,100,340.82
3,3,100,327.34
3,3,100,328.62
3,3,100,338.77
3,3,100,328.63
3,3,100,319.43
3,3,100,323.42
3,3,100,320.05
3,3,100,314.48
3,3,100,315.33
3,3,100,323.56
3,3,100,320.34
3,3,100,317.85
3,3,100,352.01
3,3,100,358.17
3,3,100,353.01
3,3,100,352.62
3,3,100,353.25
3,3,100,320.87
3,3,100,310.72
3,3,100,313.81
3,3,100,321.29
3,3,100,329.97
3,3,100,336.96
3,3,100,350.86
3,3,100,342.67
3,3,100,333.79
3,3,100,332.65
3,3,100,326.73
3,3,100,317.88
3,3,100,317.44
3,3,100,321.52
3,3,100,324.19
3,3,100,333.92
3,3,100,330.39
3,3,100,352.44
3,3,100,353.23
3,3,100,338.85
3,3,100,327.37
3,3,100,332.36
3,3,100,318.87
3,3,100,314.33
3,3,100,319.23
3,3,100,316.74
3,3,100,315.33
3,3,100,311.95
3,3,100,312.97
3,3,100,313.05
3,3,100,316.32
3,3,100,313.89
3,3,100,310.12
3,3,100,336.80
3,3,100,350.47
3,3,100,374.68
3,3,100,412.32
3,3,100,416.80
3,3,100,392.37
3,3,100,404.39
3,3,100,387.84
3,3,100,352.48
3,3,100,352.60
3,3,100,381.80
3,3,100,369.96
3,3,100,359.78
3,3,100,354.60
3,3,100,347.63
3,3,100,319.31
3,3,100,305.81
3,3,100,305.47
3,3,100,348.73
3,3,100,363.70
3,3,100,360.09
3,3,100,364.46
3,3,100,375.03
3,3,100,356.96
3,3,100,349.32
3,3,100,350.63
3,3,100,348.60
3,3,100,337.10
3,3,100,312.21
3,3,100,310.10
3,3,100,307.12
3,3,100,324.83
3,3,100,346.54
3,3,100,360.02
3,3,100,406.91
3,3,100,408.33
3,3,100,388.29
3,3,100,385.98
3,3,100,375.72
3,3,100,333.06
3,3,100,334.17
3,3,100,335.36
3,3,100,336.72
3,3,100,340.59
3,3,100,347.41
3,3,100,348.89
3,3,100,348.34
3,3,100,332.88
3,3,100,331.87
3,3,100,330.85
3,3,100,327.82
3,3,100,326.50
3,3,100,324.98
3,3,100,324.18
3,3,100,328.95
3,3,100,328.53
3,3,100,337.24
3,3,100,346.59
3,3,100,347.46
3,3,100,331.34
3,3,100,335.62
3,3,100,328.57
3,3,100,321.99
3,3,100,319.62
3,3,100,321.66
3,3,100,338.78
3,3,100,377.56
3,3,100,373.22
3,3,100,376.03
3,3,100,379.84
3,3,100,361.07
3,3,100,324.51
3,3,100,325.12
3,3,100,325.20
3,3,100,322.01
3,3,100,321.79
3,3,100,319.70
3,3,100,316.84
3,3,100,319.30
3,3,100,315.38
3,3,100,313.95
3,3,100,322.96
3,3,100,324.90
3,3,100,320.00
3,3,100,325.66
3,3,100,319.37
3,3,100,308.95
3,3,100,303.49
3,3,100,304.67
3,3,100,302.03
3,3,100,304.91
3,3,100,319.07
3,3,100,334.18
3,3,100,333.23
3,3,100,341.10
3,3,100,344.19
3,3,100,330.73
3,3,100,325.47
3,3,100,325.85
3,3,100,340.34
3,3,100,368.99
3,3,100,380.13
3,3,100,384.09
3,3,100,382.02
3,3,100,360.59
3,3,100,339.71
3,3,100,347.76
3,3,100,342.24
3,3,100,351.32
3,3,100,354.18
3,3,100,353.74
3,3,100,334.68
3,3,100,331.84
3,3,100,330.98
3,3,100,326.02
3,3,100,322.78
3,3,100,321.18
3,3,100,343.46
3,3,100,351.72
3,3,100,351.40
3,3,100,346.51
3,3,100,345.71
3,3,100,321.95
3,3,100,305.61
3,3,100,323.03
3,3,100,326.19
3,3,100,325.49
3,3,100,328.12
3,3,100,325.14
3,3,100,310.96
3,3,100,311.83
3,3,100,341.80
3,3,100,362.92
3,3,100,368.00
3,3,100,358.54
3,3,100,353.63
3,3,100,330.87
3,3,100,313.12
3,3,100,316.07
3,3,100,323.34
3,3,100,325.84
3,3,100,320.64
3,3,100,307.37
3,3,100,306.97
3,3,100,309.59
3,3,100,323.25
3,3,100,323.51
3,3,100,329.66
3,3,100,328.43
3,3,100,325.82
3,3,100,316.36
3,3,100,315.26
3,3,100,321.87
3,3,100,322.44
3,3,100,325.68
3,3,100,348.25
3,3,100,351.15
3,3,100,349.22
3,3,100,346.64
3,3,100,343.97
3,3,100,318.46
3,3,100,314.99
3,3,100,321.87
3,3,100,324.64
3,3,100,323.08
3,3,100,326.76
3,3,100,339.18
3,3,100,357.24
3,3,100,359.63
3,3,100,361.22
3,3,100,366.68
3,3,100,351.93
3,3,100,323.96
3,3,100,318.39
3,3,100,319.61
3,3,100,304.28
3,3,100,311.03
3,3,100,311.55
3,3,100,309.93
3,3,100,312.44
3,3,100,320.39
3,3,100,313.65
3,3,100,314.05
3,3,100,322.97
3,3,100,322.25
3,3,100,325.00
3,3,100,331.47
3,3,100,327.94
3,3,100,318.98
3,3,100,348.82
3,3,100,340.81
3,3,100,340.33
3,3,100,345.70
3,3,100,346.20
3,3,100,313.22
3,3,100,309.84
3,3,100,307.47
3,3,100,298.91
3,3,100,301.99
3,3,100,312.02
3,3,100,318.68
3,3,100,317.69
3,3,100,322.19
3,3,100,321.12
3,3,100,315.80
3,3,100,311.69
3,3,100,338.42
3,3,100,335.74
3,3,100,351.02
3,3,100,345.76
3,3,100,346.24
3,3,100,350.69
3,3,100,356.83
3,3,100,337.53
3,3,100,338.09
3,3,100,337.97
3,3,100,305.83
3,3,100,307.57
3,3,100,313.48
3,3,100,312.84
3,3,100,315.66
4,1,25,114.29
4,1,25,167.82
4,1,25,224.54
4,1,25,275.78
4,1,25,328.77
4,1,25,269.79
4,1,25,274.20
4,1,25,278.02
4,1,25,285.21
4,1,25,286.00
4,1,25,285.84
4,1,25,283.16
4,1,25,279.62
4,1,25,272.56
4,1,25,279.82
4,1,25,279.93
4,1,25,286.97
4,1,25,323.84
4,1,25,342.05
4,1,25,335.17
4,1,25,340.59
4,1,25,339.16
4,1,25,304.48
4,1,25,299.70
4,1,25,307.69
4,1,25,330.21
4,1,25,327.66
4,1,25,334.87
4,1,25,323.14
4,1,25,317.76
4,1,25,290.13
4,1,25,281.75
4,1,25,272.66
4,1,25,276.03
4,1,25,267.21
4,1,25,303.35
4,1,25,315.94
4,1,25,322.56
4,1,25,316.95
4,1,25,328.09
4,1,25,316.07
4,1,25,319.49
4,1,25,314.00
4,1,25,329.85
4,1,25,333.57
4,1,25,315.04
4,1,25,309.82
4,1,25,305.69
4,1,25,305.30
4,1,25,303.48
4,1,25,299.57
4,1,25,301.05
4,1,25,310.38
4,1,25,299.79
4,1,25,300.41
4,1,25,290.39
4,1,25,285.33
4,1,25,279.85
4,1,25,285.10
4,1,25,278.18
4,1,25,284.74
4,1,25,282.29
4,1,25,290.52
4,1,25,286.51
4,1,25,285.83
4,1,25,295.67
4,1,25,290.50
4,1,25,297.08
4,1,25,300.64
4,1,25,303.87
4,1,25,311.74
4,1,25,318.72
4,1,25,302.85
4,1,25,294.95
4,1,25,292.79
4,1,25,280.85
4,1,25,339.41
4,1,25,337.56
4,1,25,342.92
4,1,25,344.32
4,1,25,348.09
4,1,25,297.33
4,1,25,295.90
4,1,25,296.78
4,1,25,296.79
4,1,25,301.13
4,1,25,298.94
4,1,25,298.48
4,1,25,294.65
4,1,25,301.54
4,1,25,294.28
4,1,25,285.95
4,1,25,287.41
4,1,25,297.07
4,1,25,298.10
4,1,25,333.55
4,1,25,344.08
4,1,25,339.07
4,1,25,334.63
4,1,25,329.07
4,1,25,289.01
4,1,25,276.11
4,1,25,291.18
4,1,25,279.77
4,1,25,270.91
4,1,25,278.84
4,1,25,294.54
4,1,25,281.91
4,1,25,291.29
4,1,25,303.53
4,1,25,311.52
4,1,25,300.69
4,1,25,298.14
4,1,25,298.60
4,1,25,297.73
4,1,25,289.89
4,1,25,296.94
4,1,25,314.45
4,1,25,315.10
4,1,25,339.47
4,1,25,335.27
4,1,25,336.01
4,1,25,328.23
4,1,25,331.33
4,1,25,297.83
4,1,25,299.56
4,1,25,296.16
4,1,25,287.05
4,1,25,284.77
4,1,25,291.53
4,1,25,299.27
4,1,25,302.26
4,1,25,302.63
4,1,25,308.03
4,1,25,339.71
4,1,25,330.11
4,1,25,325.91
4,1,25,350.08
4,1,25,360.53
4,1,25,322.61
4,1,25,325.72
4,1,25,325.54
4,1,25,302.84
4,1,25,280.78
4,1,25,291.39
4,1,25,287.46
4,1,25,284.88
4,1,25,295.38
4,1,25,293.12
4,1,25,342.24
4,1,25,343.62
4,1,25,350.05
4,1,25,372.84
4,1,25,381.36
4,1,25,330.58
4,1,25,333.01
4,1,25,323.42
4,1,25,296.67
4,1,25,298.43
4,1,25,288.06
4,1,25,284.17
4,1,25,294.24
4,1,25,296.63
4,1,25,295.88
4,1,25,295.14
4,1,25,295.12
4,1,25,290.37
4,1,25,285.53
4,1,25,288.51
4,1,25,301.26
4,1,25,306.05
4,1,25,309.80
4,1,25,366.58
4,1,25,361.99
4,1,25,354.73
4,1,25,351.64
4,1,25,345.34
4,1,25,293.36
4,1,25,289.32
4,1,25,294.47
